Country,Total_Revenue,Unique_Customers,Total_Quantity
Belgium,142006.5,254,4866
Channel Islands,52262.54,129,2149
EIRE,233900.43,438,8288
France,323226.77,514,12046
Germany,511389.01,675,18790
Italy,56803.08,127,1862
Netherlands,104362.43000000001,227,4037
Norway,65869.36,133,2634
Portugal,65454.72,141,2515
Spain,232791.64,379,8646
Switzerland,161035.48,284,6102
United Kingdom,4857602.0200000005,1000,176193
